MGYP000131233602_ptm0.890.pdb	MGYP000131233602_ptm0.890.pdb
MGYP000131233602_ptm0.890.pdb	MGYP003624382026_ptm0.828.pdb
MGYP000248784877.pdb	MGYP000248784877.pdb
MGYP000248784877.pdb	MGYP000189593907_ptm0.887.pdb
MGYP000248784877.pdb	MGYP003361717447_ptm0.839.pdb
MGYP000248784877.pdb	MGYP003361846380_ptm0.828.pdb
MGYP000275899355_ptm0.966.pdb	MGYP000275899355_ptm0.966.pdb
MGYP000345353568_ptm0.876.pdb	MGYP000345353568_ptm0.876.pdb
MGYP000345353568_ptm0.876.pdb	MGYP000013266575_ptm0.908.pdb
MGYP000345353568_ptm0.876.pdb	MGYP000014413890_ptm0.877.pdb
MGYP000345353568_ptm0.876.pdb	MGYP000115139434_ptm0.904.pdb
MGYP000345353568_ptm0.876.pdb	MGYP000126911704_ptm0.909.pdb
MGYP000345353568_ptm0.876.pdb	MGYP000167284497.pdb
MGYP000345353568_ptm0.876.pdb	MGYP000220373720.pdb
MGYP000345353568_ptm0.876.pdb	MGYP000336758910_ptm0.910.pdb
MGYP000345353568_ptm0.876.pdb	MGYP000369174624_ptm0.897.pdb
MGYP000345353568_ptm0.876.pdb	MGYP000373467766_ptm0.886.pdb
MGYP000345353568_ptm0.876.pdb	MGYP000431267037_ptm0.907.pdb
MGYP000345353568_ptm0.876.pdb	MGYP000432667684.pdb
MGYP000345353568_ptm0.876.pdb	MGYP000464535878_ptm0.849.pdb
MGYP000345353568_ptm0.876.pdb	MGYP000503456973.pdb
MGYP000345353568_ptm0.876.pdb	MGYP000520525852.pdb
MGYP000345353568_ptm0.876.pdb	MGYP000542929939_ptm0.889.pdb
MGYP000345353568_ptm0.876.pdb	MGYP000598759126_ptm0.882.pdb
MGYP000345353568_ptm0.876.pdb	MGYP000848319187_ptm0.804.pdb
MGYP000345353568_ptm0.876.pdb	MGYP000871613206_ptm0.929.pdb
MGYP000345353568_ptm0.876.pdb	MGYP000907569931_ptm0.892.pdb
MGYP000345353568_ptm0.876.pdb	MGYP000914502379_ptm0.921.pdb
MGYP000345353568_ptm0.876.pdb	MGYP000930758271_ptm0.870.pdb
MGYP000345353568_ptm0.876.pdb	MGYP000934677593_ptm0.879.pdb
MGYP000345353568_ptm0.876.pdb	MGYP000947173517_ptm0.888.pdb
MGYP000345353568_ptm0.876.pdb	MGYP000968200211_ptm0.933.pdb
MGYP000345353568_ptm0.876.pdb	MGYP001381364889.pdb
MGYP000345353568_ptm0.876.pdb	MGYP001388136034.pdb
MGYP000345353568_ptm0.876.pdb	MGYP001459676702_ptm0.918.pdb
MGYP000345353568_ptm0.876.pdb	MGYP001515421990_ptm0.884.pdb
MGYP000345353568_ptm0.876.pdb	MGYP001551909951_ptm0.853.pdb
MGYP000345353568_ptm0.876.pdb	MGYP001556476986_ptm0.867.pdb
MGYP000345353568_ptm0.876.pdb	MGYP001588080424_ptm0.856.pdb
MGYP000345353568_ptm0.876.pdb	MGYP001629644110_ptm0.912.pdb
MGYP000345353568_ptm0.876.pdb	MGYP001661096158_ptm0.908.pdb
MGYP000345353568_ptm0.876.pdb	MGYP001771139349_ptm0.913.pdb
MGYP000345353568_ptm0.876.pdb	MGYP001809730377_ptm0.915.pdb
MGYP000345353568_ptm0.876.pdb	MGYP001809770021_ptm0.917.pdb
MGYP000345353568_ptm0.876.pdb	MGYP002875673093_ptm0.932.pdb
MGYP000345353568_ptm0.876.pdb	MGYP003108924102_ptm0.868.pdb
MGYP000345353568_ptm0.876.pdb	MGYP003109229875_ptm0.812.pdb
MGYP000345353568_ptm0.876.pdb	MGYP003131603138_ptm0.785.pdb
MGYP000345353568_ptm0.876.pdb	MGYP003143336405_ptm0.931.pdb
MGYP000345353568_ptm0.876.pdb	MGYP003144278637_ptm0.801.pdb
MGYP000345353568_ptm0.876.pdb	MGYP003286778184_ptm0.912.pdb
MGYP000345353568_ptm0.876.pdb	MGYP003292206189_ptm0.879.pdb
MGYP000345353568_ptm0.876.pdb	MGYP003333389062_ptm0.909.pdb
MGYP000345353568_ptm0.876.pdb	MGYP003342797786_ptm0.911.pdb
MGYP000345353568_ptm0.876.pdb	MGYP003361980941_ptm0.883.pdb
MGYP000345353568_ptm0.876.pdb	MGYP003362106639_ptm0.919.pdb
MGYP000345353568_ptm0.876.pdb	MGYP003365220014_ptm0.908.pdb
MGYP000345353568_ptm0.876.pdb	MGYP003561695899_ptm0.918.pdb
MGYP000345353568_ptm0.876.pdb	MGYP003584008983_ptm0.916.pdb
MGYP000345353568_ptm0.876.pdb	MGYP003617708354_ptm0.935.pdb
MGYP000345353568_ptm0.876.pdb	MGYP003624910605_ptm0.931.pdb
MGYP000345353568_ptm0.876.pdb	MGYP003626196855_ptm0.814.pdb
MGYP000345353568_ptm0.876.pdb	MGYP003626197691_ptm0.778.pdb
MGYP000345353568_ptm0.876.pdb	MGYP003631127559_ptm0.781.pdb
MGYP000345353568_ptm0.876.pdb	MGYP003632769873_ptm0.945.pdb
MGYP000345353568_ptm0.876.pdb	MGYP003644742191_ptm0.787.pdb
MGYP000345353568_ptm0.876.pdb	MGYP003667212087_ptm0.925.pdb
MGYP000345353568_ptm0.876.pdb	MGYP003667787347_ptm0.937.pdb
MGYP000345353568_ptm0.876.pdb	MGYP003967095805_ptm0.906.pdb
MGYP000352468595_ptm0.507.pdb	MGYP000352468595_ptm0.507.pdb
MGYP000352468595_ptm0.507.pdb	MGYP000685728210_ptm0.505.pdb
MGYP000355333620_ptm0.395.pdb	MGYP000355333620_ptm0.395.pdb
MGYP000550574731.pdb	MGYP000550574731.pdb
MGYP000572237864_ptm0.833.pdb	MGYP000572237864_ptm0.833.pdb
MGYP000614909350.pdb	MGYP000614909350.pdb
MGYP000625709158_ptm0.750.pdb	MGYP000625709158_ptm0.750.pdb
MGYP000688619306.pdb	MGYP000688619306.pdb
MGYP000688619306.pdb	MGYP000249295618.pdb
MGYP000688619306.pdb	MGYP000274412832_ptm0.761.pdb
MGYP000688619306.pdb	MGYP000294905374_ptm0.763.pdb
MGYP000688619306.pdb	MGYP000296441433.pdb
MGYP000688619306.pdb	MGYP000383995054_ptm0.761.pdb
MGYP000688619306.pdb	MGYP000389299366_ptm0.761.pdb
MGYP000688619306.pdb	MGYP000416313578_ptm0.821.pdb
MGYP000688619306.pdb	MGYP000430909014_ptm0.871.pdb
MGYP000688619306.pdb	MGYP000468859969_ptm0.886.pdb
MGYP000688619306.pdb	MGYP000533738703_ptm0.886.pdb
MGYP000688619306.pdb	MGYP000634505699_ptm0.759.pdb
MGYP000688619306.pdb	MGYP001179739747_ptm0.718.pdb
MGYP000688619306.pdb	MGYP001217968412_ptm0.756.pdb
MGYP000688619306.pdb	MGYP001238411919_ptm0.719.pdb
MGYP000688619306.pdb	MGYP001617973547_ptm0.760.pdb
MGYP000688619306.pdb	MGYP003108447838_ptm0.773.pdb
MGYP000688619306.pdb	MGYP003109097681_ptm0.861.pdb
MGYP000688619306.pdb	MGYP003110930500_ptm0.773.pdb
MGYP000688619306.pdb	MGYP003111278698_ptm0.797.pdb
MGYP000688619306.pdb	MGYP003122700984_ptm0.755.pdb
MGYP000688619306.pdb	MGYP003130762430_ptm0.786.pdb
MGYP000688619306.pdb	MGYP003131803286_ptm0.788.pdb
MGYP000688619306.pdb	MGYP003191141045_ptm0.718.pdb
MGYP000688619306.pdb	MGYP003300397563_ptm0.671.pdb
MGYP000688619306.pdb	MGYP003366799095_ptm0.638.pdb
MGYP000688619306.pdb	MGYP003396870728_ptm0.768.pdb
MGYP000688619306.pdb	MGYP003571254219_ptm0.836.pdb
MGYP000688619306.pdb	MGYP003571258258_ptm0.689.pdb
MGYP000688619306.pdb	MGYP003624470077_ptm0.795.pdb
MGYP000688619306.pdb	MGYP003624603248_ptm0.725.pdb
MGYP000688619306.pdb	MGYP003627698165_ptm0.711.pdb
MGYP000688619306.pdb	MGYP003630538787_ptm0.818.pdb
MGYP000688619306.pdb	MGYP003631570727_ptm0.711.pdb
MGYP000703306994_ptm0.395.pdb	MGYP000703306994_ptm0.395.pdb
MGYP000708048110_ptm0.854.pdb	MGYP000708048110_ptm0.854.pdb
MGYP000708048110_ptm0.854.pdb	MGYP000447434197.pdb
MGYP000708048110_ptm0.854.pdb	MGYP000660918547_ptm0.852.pdb
MGYP000744648862_ptm0.823.pdb	MGYP000744648862_ptm0.823.pdb
MGYP001001071371_ptm0.862.pdb	MGYP001001071371_ptm0.862.pdb
MGYP001190945602.pdb	MGYP001190945602.pdb
MGYP001191932810_ptm0.955.pdb	MGYP001191932810_ptm0.955.pdb
MGYP001191932810_ptm0.955.pdb	MGYP000081789507.pdb
MGYP001191932810_ptm0.955.pdb	MGYP000630911641_ptm0.959.pdb
MGYP001191932810_ptm0.955.pdb	MGYP001166782316_ptm0.955.pdb
MGYP001191932810_ptm0.955.pdb	MGYP001175774113.pdb
MGYP001191932810_ptm0.955.pdb	MGYP001189200863_ptm0.960.pdb
MGYP001191932810_ptm0.955.pdb	MGYP001305861203.pdb
MGYP001191932810_ptm0.955.pdb	MGYP001328062919.pdb
MGYP001191932810_ptm0.955.pdb	MGYP001372087536_ptm0.955.pdb
MGYP001191932810_ptm0.955.pdb	MGYP001502388070_ptm0.960.pdb
MGYP001191932810_ptm0.955.pdb	MGYP001772498014_ptm0.963.pdb
MGYP001191932810_ptm0.955.pdb	MGYP001772616689_ptm0.967.pdb
MGYP001191932810_ptm0.955.pdb	MGYP001809836267_ptm0.928.pdb
MGYP001191932810_ptm0.955.pdb	MGYP003289021717_ptm0.927.pdb
MGYP001191932810_ptm0.955.pdb	MGYP003591772479_ptm0.920.pdb
MGYP001230091200_ptm0.939.pdb	MGYP001230091200_ptm0.939.pdb
MGYP001245027200.pdb	MGYP001245027200.pdb
MGYP001245027200.pdb	MGYP001235099818.pdb
MGYP001245027200.pdb	MGYP001805856174_ptm0.559.pdb
MGYP001245027200.pdb	MGYP001806805357_ptm0.514.pdb
MGYP001245027200.pdb	MGYP003131750871_ptm0.853.pdb
MGYP001245027200.pdb	MGYP003333955921_ptm0.508.pdb
MGYP001245027200.pdb	MGYP003362069973_ptm0.576.pdb
MGYP001301876493_ptm0.787.pdb	MGYP001301876493_ptm0.787.pdb
MGYP001301876493_ptm0.787.pdb	MGYP000022576213_ptm0.865.pdb
MGYP001301876493_ptm0.787.pdb	MGYP000184092838_ptm0.815.pdb
MGYP001301876493_ptm0.787.pdb	MGYP000271874914_ptm0.805.pdb
MGYP001301876493_ptm0.787.pdb	MGYP000366671743_ptm0.941.pdb
MGYP001301876493_ptm0.787.pdb	MGYP000453965339.pdb
MGYP001301876493_ptm0.787.pdb	MGYP000510892357_ptm0.805.pdb
MGYP001301876493_ptm0.787.pdb	MGYP000588554442_ptm0.848.pdb
MGYP001301876493_ptm0.787.pdb	MGYP000622200760_ptm0.834.pdb
MGYP001301876493_ptm0.787.pdb	MGYP001342632500_ptm0.940.pdb
MGYP001301876493_ptm0.787.pdb	MGYP001386097934.pdb
MGYP001301876493_ptm0.787.pdb	MGYP001555359145_ptm0.872.pdb
MGYP001301876493_ptm0.787.pdb	MGYP001559780678_ptm0.802.pdb
MGYP001301876493_ptm0.787.pdb	MGYP001564463007_ptm0.856.pdb
MGYP001301876493_ptm0.787.pdb	MGYP001599865821_ptm0.788.pdb
MGYP001301876493_ptm0.787.pdb	MGYP003110688673_ptm0.944.pdb
MGYP001301876493_ptm0.787.pdb	MGYP003190420027_ptm0.889.pdb
MGYP001301876493_ptm0.787.pdb	MGYP003198615980_ptm0.841.pdb
MGYP001301876493_ptm0.787.pdb	MGYP003302610709_ptm0.900.pdb
MGYP001301876493_ptm0.787.pdb	MGYP003366652483_ptm0.804.pdb
MGYP001301876493_ptm0.787.pdb	MGYP003417750563_ptm0.738.pdb
MGYP001301876493_ptm0.787.pdb	MGYP003626524223_ptm0.944.pdb
MGYP001301876493_ptm0.787.pdb	MGYP003670052895_ptm0.940.pdb
MGYP001353263834.pdb	MGYP001353263834.pdb
MGYP001353263834.pdb	MGYP000128063566.pdb
MGYP001353263834.pdb	MGYP000212344843_ptm0.710.pdb
MGYP001353263834.pdb	MGYP000244606889_ptm0.662.pdb
MGYP001353263834.pdb	MGYP000299389272.pdb
MGYP001353263834.pdb	MGYP000307068773_ptm0.617.pdb
MGYP001353263834.pdb	MGYP000312680888_ptm0.624.pdb
MGYP001353263834.pdb	MGYP000313389269_ptm0.615.pdb
MGYP001353263834.pdb	MGYP000407495045_ptm0.617.pdb
MGYP001353263834.pdb	MGYP000415641652_ptm0.651.pdb
MGYP001353263834.pdb	MGYP000425095911_ptm0.617.pdb
MGYP001353263834.pdb	MGYP000427579110_ptm0.618.pdb
MGYP001353263834.pdb	MGYP000469141389.pdb
MGYP001353263834.pdb	MGYP000489352287_ptm0.653.pdb
MGYP001353263834.pdb	MGYP000528512092_ptm0.616.pdb
MGYP001353263834.pdb	MGYP000530814956_ptm0.633.pdb
MGYP001353263834.pdb	MGYP000531123836_ptm0.618.pdb
MGYP001353263834.pdb	MGYP000539643104_ptm0.617.pdb
MGYP001353263834.pdb	MGYP000557213670_ptm0.660.pdb
MGYP001353263834.pdb	MGYP000672687046_ptm0.616.pdb
MGYP001353263834.pdb	MGYP000710666455_ptm0.635.pdb
MGYP001353263834.pdb	MGYP000715104963_ptm0.625.pdb
MGYP001353263834.pdb	MGYP000802007009_ptm0.630.pdb
MGYP001353263834.pdb	MGYP000813776456_ptm0.636.pdb
MGYP001353263834.pdb	MGYP001292354052_ptm0.666.pdb
MGYP001353263834.pdb	MGYP001413885899.pdb
MGYP001353263834.pdb	MGYP001563703382_ptm0.767.pdb
MGYP001353263834.pdb	MGYP001575301909_ptm0.725.pdb
MGYP001353263834.pdb	MGYP001634196953_ptm0.620.pdb
MGYP001353263834.pdb	MGYP001657434007_ptm0.616.pdb
MGYP001353263834.pdb	MGYP001657669001_ptm0.644.pdb
MGYP001353263834.pdb	MGYP001661260214_ptm0.730.pdb
MGYP001353263834.pdb	MGYP001751217230_ptm0.620.pdb
MGYP001353263834.pdb	MGYP002097183451_ptm0.634.pdb
MGYP001353263834.pdb	MGYP002322534802_ptm0.628.pdb
MGYP001353263834.pdb	MGYP002746297646_ptm0.607.pdb
MGYP001353263834.pdb	MGYP003084518006_ptm0.612.pdb
MGYP001353263834.pdb	MGYP003085257377_ptm0.615.pdb
MGYP001353263834.pdb	MGYP003106150382_ptm0.622.pdb
MGYP001353263834.pdb	MGYP003110546203_ptm0.692.pdb
MGYP001353263834.pdb	MGYP003186132058_ptm0.631.pdb
MGYP001353263834.pdb	MGYP003190544445_ptm0.635.pdb
MGYP001353263834.pdb	MGYP003288454431_ptm0.651.pdb
MGYP001353263834.pdb	MGYP003289271026_ptm0.626.pdb
MGYP001353263834.pdb	MGYP003300348033_ptm0.617.pdb
MGYP001353263834.pdb	MGYP003337249553_ptm0.644.pdb
MGYP001353263834.pdb	MGYP003369226081_ptm0.644.pdb
MGYP001353263834.pdb	MGYP003624525850_ptm0.838.pdb
MGYP001376145772_ptm0.656.pdb	MGYP001376145772_ptm0.656.pdb
MGYP001376145772_ptm0.656.pdb	MGYP003967452453_ptm0.838.pdb
MGYP001409318126_ptm0.904.pdb	MGYP001409318126_ptm0.904.pdb
MGYP001409318126_ptm0.904.pdb	MGYP001198029016_ptm0.892.pdb
MGYP001409318126_ptm0.904.pdb	MGYP001375405827.pdb
MGYP001409318126_ptm0.904.pdb	MGYP003630051464_ptm0.910.pdb
MGYP001409318126_ptm0.904.pdb	MGYP003640758052_ptm0.841.pdb
MGYP001460590038_ptm0.922.pdb	MGYP001460590038_ptm0.922.pdb
MGYP001481878659_ptm0.854.pdb	MGYP001481878659_ptm0.854.pdb
MGYP001481878659_ptm0.854.pdb	MGYP000000639651_ptm0.881.pdb
MGYP001481878659_ptm0.854.pdb	MGYP000005098346.pdb
MGYP001481878659_ptm0.854.pdb	MGYP000016735148_ptm0.912.pdb
MGYP001481878659_ptm0.854.pdb	MGYP000037551163_ptm0.860.pdb
MGYP001481878659_ptm0.854.pdb	MGYP000110692035.pdb
MGYP001481878659_ptm0.854.pdb	MGYP000115362497_ptm0.820.pdb
MGYP001481878659_ptm0.854.pdb	MGYP000118324866_ptm0.889.pdb
MGYP001481878659_ptm0.854.pdb	MGYP000126615706_ptm0.941.pdb
MGYP001481878659_ptm0.854.pdb	MGYP000126860043_ptm0.845.pdb
MGYP001481878659_ptm0.854.pdb	MGYP000134236714.pdb
MGYP001481878659_ptm0.854.pdb	MGYP000157970448.pdb
MGYP001481878659_ptm0.854.pdb	MGYP000184925895.pdb
MGYP001481878659_ptm0.854.pdb	MGYP000215260709_ptm0.930.pdb
MGYP001481878659_ptm0.854.pdb	MGYP000234430346_ptm0.880.pdb
MGYP001481878659_ptm0.854.pdb	MGYP000234578068.pdb
MGYP001481878659_ptm0.854.pdb	MGYP000236137781.pdb
MGYP001481878659_ptm0.854.pdb	MGYP000236489926_ptm0.856.pdb
MGYP001481878659_ptm0.854.pdb	MGYP000241018281_ptm0.939.pdb
MGYP001481878659_ptm0.854.pdb	MGYP000256924453_ptm0.881.pdb
MGYP001481878659_ptm0.854.pdb	MGYP000258102644.pdb
MGYP001481878659_ptm0.854.pdb	MGYP000271170847_ptm0.856.pdb
MGYP001481878659_ptm0.854.pdb	MGYP000292815046_ptm0.924.pdb
MGYP001481878659_ptm0.854.pdb	MGYP000294618635_ptm0.939.pdb
MGYP001481878659_ptm0.854.pdb	MGYP000321450472_ptm0.866.pdb
MGYP001481878659_ptm0.854.pdb	MGYP000332737556_ptm0.949.pdb
MGYP001481878659_ptm0.854.pdb	MGYP000336767234_ptm0.933.pdb
MGYP001481878659_ptm0.854.pdb	MGYP000370158851_ptm0.900.pdb
MGYP001481878659_ptm0.854.pdb	MGYP000377540521_ptm0.877.pdb
MGYP001481878659_ptm0.854.pdb	MGYP000386862634_ptm0.862.pdb
MGYP001481878659_ptm0.854.pdb	MGYP000403980963_ptm0.925.pdb
MGYP001481878659_ptm0.854.pdb	MGYP000421531091_ptm0.857.pdb
MGYP001481878659_ptm0.854.pdb	MGYP000423297015.pdb
MGYP001481878659_ptm0.854.pdb	MGYP000433512386_ptm0.862.pdb
MGYP001481878659_ptm0.854.pdb	MGYP000441013156.pdb
MGYP001481878659_ptm0.854.pdb	MGYP000448240885_ptm0.849.pdb
MGYP001481878659_ptm0.854.pdb	MGYP000451269290_ptm0.854.pdb
MGYP001481878659_ptm0.854.pdb	MGYP000458177489.pdb
MGYP001481878659_ptm0.854.pdb	MGYP000466156779_ptm0.885.pdb
MGYP001481878659_ptm0.854.pdb	MGYP000469965527.pdb
MGYP001481878659_ptm0.854.pdb	MGYP000507254597_ptm0.931.pdb
MGYP001481878659_ptm0.854.pdb	MGYP000527898060_ptm0.816.pdb
MGYP001481878659_ptm0.854.pdb	MGYP000532044826.pdb
MGYP001481878659_ptm0.854.pdb	MGYP000545841734_ptm0.864.pdb
MGYP001481878659_ptm0.854.pdb	MGYP000552976443_ptm0.857.pdb
MGYP001481878659_ptm0.854.pdb	MGYP000566298478_ptm0.861.pdb
MGYP001481878659_ptm0.854.pdb	MGYP000574446300_ptm0.941.pdb
MGYP001481878659_ptm0.854.pdb	MGYP000589186004_ptm0.939.pdb
MGYP001481878659_ptm0.854.pdb	MGYP000589872918_ptm0.848.pdb
MGYP001481878659_ptm0.854.pdb	MGYP000615025357_ptm0.885.pdb
MGYP001481878659_ptm0.854.pdb	MGYP000616299448_ptm0.931.pdb
MGYP001481878659_ptm0.854.pdb	MGYP000623561367_ptm0.939.pdb
MGYP001481878659_ptm0.854.pdb	MGYP000631060371_ptm0.878.pdb
MGYP001481878659_ptm0.854.pdb	MGYP000644405563_ptm0.840.pdb
MGYP001481878659_ptm0.854.pdb	MGYP000646691163_ptm0.855.pdb
MGYP001481878659_ptm0.854.pdb	MGYP000647406549_ptm0.871.pdb
MGYP001481878659_ptm0.854.pdb	MGYP000662101795_ptm0.936.pdb
MGYP001481878659_ptm0.854.pdb	MGYP000674248133_ptm0.928.pdb
MGYP001481878659_ptm0.854.pdb	MGYP000675665017_ptm0.863.pdb
MGYP001481878659_ptm0.854.pdb	MGYP000675899088_ptm0.856.pdb
MGYP001481878659_ptm0.854.pdb	MGYP000710572512_ptm0.925.pdb
MGYP001481878659_ptm0.854.pdb	MGYP000764163578_ptm0.851.pdb
MGYP001481878659_ptm0.854.pdb	MGYP000843201297_ptm0.843.pdb
MGYP001481878659_ptm0.854.pdb	MGYP000906978198_ptm0.932.pdb
MGYP001481878659_ptm0.854.pdb	MGYP000937350499_ptm0.925.pdb
MGYP001481878659_ptm0.854.pdb	MGYP000951296572_ptm0.912.pdb
MGYP001481878659_ptm0.854.pdb	MGYP001051553792_ptm0.916.pdb
MGYP001481878659_ptm0.854.pdb	MGYP001118532716_ptm0.825.pdb
MGYP001481878659_ptm0.854.pdb	MGYP001159422903_ptm0.938.pdb
MGYP001481878659_ptm0.854.pdb	MGYP001159511778_ptm0.943.pdb
MGYP001481878659_ptm0.854.pdb	MGYP001167565015_ptm0.942.pdb
MGYP001481878659_ptm0.854.pdb	MGYP001167713869_ptm0.802.pdb
MGYP001481878659_ptm0.854.pdb	MGYP001169157754_ptm0.942.pdb
MGYP001481878659_ptm0.854.pdb	MGYP001177176500_ptm0.866.pdb
MGYP001481878659_ptm0.854.pdb	MGYP001178370492.pdb
MGYP001481878659_ptm0.854.pdb	MGYP001185851989_ptm0.786.pdb
MGYP001481878659_ptm0.854.pdb	MGYP001192004420_ptm0.944.pdb
MGYP001481878659_ptm0.854.pdb	MGYP001197677754_ptm0.939.pdb
MGYP001481878659_ptm0.854.pdb	MGYP001198864080_ptm0.859.pdb
MGYP001481878659_ptm0.854.pdb	MGYP001201249070_ptm0.912.pdb
MGYP001481878659_ptm0.854.pdb	MGYP001201883948.pdb
MGYP001481878659_ptm0.854.pdb	MGYP001202957089.pdb
MGYP001481878659_ptm0.854.pdb	MGYP001205722506.pdb
MGYP001481878659_ptm0.854.pdb	MGYP001216717877_ptm0.938.pdb
MGYP001481878659_ptm0.854.pdb	MGYP001225878641_ptm0.940.pdb
MGYP001481878659_ptm0.854.pdb	MGYP001229946924.pdb
MGYP001481878659_ptm0.854.pdb	MGYP001235300537_ptm0.949.pdb
MGYP001481878659_ptm0.854.pdb	MGYP001247486627_ptm0.860.pdb
MGYP001481878659_ptm0.854.pdb	MGYP001250449728.pdb
MGYP001481878659_ptm0.854.pdb	MGYP001261291236_ptm0.917.pdb
MGYP001481878659_ptm0.854.pdb	MGYP001261657995_ptm0.817.pdb
MGYP001481878659_ptm0.854.pdb	MGYP001262960808.pdb
MGYP001481878659_ptm0.854.pdb	MGYP001265101672_ptm0.938.pdb
MGYP001481878659_ptm0.854.pdb	MGYP001267083243.pdb
MGYP001481878659_ptm0.854.pdb	MGYP001269526620_ptm0.928.pdb
MGYP001481878659_ptm0.854.pdb	MGYP001270613632_ptm0.811.pdb
MGYP001481878659_ptm0.854.pdb	MGYP001270780023_ptm0.939.pdb
MGYP001481878659_ptm0.854.pdb	MGYP001289512331_ptm0.945.pdb
MGYP001481878659_ptm0.854.pdb	MGYP001325996437_ptm0.817.pdb
MGYP001481878659_ptm0.854.pdb	MGYP001341074077_ptm0.851.pdb
MGYP001481878659_ptm0.854.pdb	MGYP001341575417.pdb
MGYP001481878659_ptm0.854.pdb	MGYP001342457257.pdb
MGYP001481878659_ptm0.854.pdb	MGYP001348337795_ptm0.819.pdb
MGYP001481878659_ptm0.854.pdb	MGYP001350874014.pdb
MGYP001481878659_ptm0.854.pdb	MGYP001355835951_ptm0.935.pdb
MGYP001481878659_ptm0.854.pdb	MGYP001361433595.pdb
MGYP001481878659_ptm0.854.pdb	MGYP001370031873.pdb
MGYP001481878659_ptm0.854.pdb	MGYP001374122492.pdb
MGYP001481878659_ptm0.854.pdb	MGYP001380714802_ptm0.943.pdb
MGYP001481878659_ptm0.854.pdb	MGYP001383147830_ptm0.847.pdb
MGYP001481878659_ptm0.854.pdb	MGYP001387098497_ptm0.843.pdb
MGYP001481878659_ptm0.854.pdb	MGYP001387135843_ptm0.908.pdb
MGYP001481878659_ptm0.854.pdb	MGYP001392425131.pdb
MGYP001481878659_ptm0.854.pdb	MGYP001397107409_ptm0.942.pdb
MGYP001481878659_ptm0.854.pdb	MGYP001400910990_ptm0.937.pdb
MGYP001481878659_ptm0.854.pdb	MGYP001407636586.pdb
MGYP001481878659_ptm0.854.pdb	MGYP001422761411_ptm0.945.pdb
MGYP001481878659_ptm0.854.pdb	MGYP001424887590_ptm0.938.pdb
MGYP001481878659_ptm0.854.pdb	MGYP001426423978_ptm0.901.pdb
MGYP001481878659_ptm0.854.pdb	MGYP001428233580_ptm0.945.pdb
MGYP001481878659_ptm0.854.pdb	MGYP001437231829_ptm0.937.pdb
MGYP001481878659_ptm0.854.pdb	MGYP001441180721_ptm0.938.pdb
MGYP001481878659_ptm0.854.pdb	MGYP001443135311_ptm0.802.pdb
MGYP001481878659_ptm0.854.pdb	MGYP001443136242_ptm0.870.pdb
MGYP001481878659_ptm0.854.pdb	MGYP001452006127_ptm0.945.pdb
MGYP001481878659_ptm0.854.pdb	MGYP001462613753_ptm0.935.pdb
MGYP001481878659_ptm0.854.pdb	MGYP001463477067_ptm0.933.pdb
MGYP001481878659_ptm0.854.pdb	MGYP001475093503_ptm0.945.pdb
MGYP001481878659_ptm0.854.pdb	MGYP001478880750_ptm0.883.pdb
MGYP001481878659_ptm0.854.pdb	MGYP001479031138_ptm0.755.pdb
MGYP001481878659_ptm0.854.pdb	MGYP001483781138_ptm0.941.pdb
MGYP001481878659_ptm0.854.pdb	MGYP001483782951_ptm0.941.pdb
MGYP001481878659_ptm0.854.pdb	MGYP001491214210_ptm0.943.pdb
MGYP001481878659_ptm0.854.pdb	MGYP001502021526_ptm0.931.pdb
MGYP001481878659_ptm0.854.pdb	MGYP001544515232_ptm0.849.pdb
MGYP001481878659_ptm0.854.pdb	MGYP001553392266_ptm0.812.pdb
MGYP001481878659_ptm0.854.pdb	MGYP001553646702_ptm0.933.pdb
MGYP001481878659_ptm0.854.pdb	MGYP001560028752_ptm0.913.pdb
MGYP001481878659_ptm0.854.pdb	MGYP001562527856_ptm0.872.pdb
MGYP001481878659_ptm0.854.pdb	MGYP001574334441_ptm0.889.pdb
MGYP001481878659_ptm0.854.pdb	MGYP001581017709_ptm0.834.pdb
MGYP001481878659_ptm0.854.pdb	MGYP001582857662_ptm0.848.pdb
MGYP001481878659_ptm0.854.pdb	MGYP001585338911_ptm0.791.pdb
MGYP001481878659_ptm0.854.pdb	MGYP001593297288_ptm0.826.pdb
MGYP001481878659_ptm0.854.pdb	MGYP001596099228_ptm0.920.pdb
MGYP001481878659_ptm0.854.pdb	MGYP001604000369_ptm0.850.pdb
MGYP001481878659_ptm0.854.pdb	MGYP001611349885_ptm0.788.pdb
MGYP001481878659_ptm0.854.pdb	MGYP001626153899_ptm0.907.pdb
MGYP001481878659_ptm0.854.pdb	MGYP001627778738_ptm0.918.pdb
MGYP001481878659_ptm0.854.pdb	MGYP001627794273_ptm0.921.pdb
MGYP001481878659_ptm0.854.pdb	MGYP001627852876_ptm0.919.pdb
MGYP001481878659_ptm0.854.pdb	MGYP001636505415_ptm0.886.pdb
MGYP001481878659_ptm0.854.pdb	MGYP001661250498_ptm0.914.pdb
MGYP001481878659_ptm0.854.pdb	MGYP001750363970_ptm0.862.pdb
MGYP001481878659_ptm0.854.pdb	MGYP001765971991_ptm0.898.pdb
MGYP001481878659_ptm0.854.pdb	MGYP001770651498_ptm0.942.pdb
MGYP001481878659_ptm0.854.pdb	MGYP001772895215_ptm0.851.pdb
MGYP001481878659_ptm0.854.pdb	MGYP001774945722_ptm0.844.pdb
MGYP001481878659_ptm0.854.pdb	MGYP001779201131_ptm0.778.pdb
MGYP001481878659_ptm0.854.pdb	MGYP001784225213_ptm0.849.pdb
MGYP001481878659_ptm0.854.pdb	MGYP001806042230_ptm0.913.pdb
MGYP001481878659_ptm0.854.pdb	MGYP001806590860_ptm0.816.pdb
MGYP001481878659_ptm0.854.pdb	MGYP001806634088_ptm0.830.pdb
MGYP001481878659_ptm0.854.pdb	MGYP003108423826_ptm0.942.pdb
MGYP001481878659_ptm0.854.pdb	MGYP003108459462_ptm0.877.pdb
MGYP001481878659_ptm0.854.pdb	MGYP003108561359_ptm0.942.pdb
MGYP001481878659_ptm0.854.pdb	MGYP003108657405_ptm0.947.pdb
MGYP001481878659_ptm0.854.pdb	MGYP003108660674_ptm0.941.pdb
MGYP001481878659_ptm0.854.pdb	MGYP003108701992_ptm0.942.pdb
MGYP001481878659_ptm0.854.pdb	MGYP003108703271_ptm0.933.pdb
MGYP001481878659_ptm0.854.pdb	MGYP003108724962_ptm0.935.pdb
MGYP001481878659_ptm0.854.pdb	MGYP003108735498_ptm0.942.pdb
MGYP001481878659_ptm0.854.pdb	MGYP003108986178_ptm0.936.pdb
MGYP001481878659_ptm0.854.pdb	MGYP003109099888_ptm0.943.pdb
MGYP001481878659_ptm0.854.pdb	MGYP003109108042_ptm0.849.pdb
MGYP001481878659_ptm0.854.pdb	MGYP003109151421_ptm0.818.pdb
MGYP001481878659_ptm0.854.pdb	MGYP003109166457_ptm0.941.pdb
MGYP001481878659_ptm0.854.pdb	MGYP003109200899_ptm0.942.pdb
MGYP001481878659_ptm0.854.pdb	MGYP003109213134_ptm0.942.pdb
MGYP001481878659_ptm0.854.pdb	MGYP003109241726_ptm0.948.pdb
MGYP001481878659_ptm0.854.pdb	MGYP003109353800_ptm0.829.pdb
MGYP001481878659_ptm0.854.pdb	MGYP003109399515_ptm0.941.pdb
MGYP001481878659_ptm0.854.pdb	MGYP003109548616_ptm0.937.pdb
MGYP001481878659_ptm0.854.pdb	MGYP003109576479_ptm0.940.pdb
MGYP001481878659_ptm0.854.pdb	MGYP003109633279_ptm0.802.pdb
MGYP001481878659_ptm0.854.pdb	MGYP003109733159_ptm0.940.pdb
MGYP001481878659_ptm0.854.pdb	MGYP003109746915_ptm0.939.pdb
MGYP001481878659_ptm0.854.pdb	MGYP003109852091_ptm0.945.pdb
MGYP001481878659_ptm0.854.pdb	MGYP003109905037_ptm0.943.pdb
MGYP001481878659_ptm0.854.pdb	MGYP003109933577_ptm0.936.pdb
MGYP001481878659_ptm0.854.pdb	MGYP003109938013_ptm0.947.pdb
MGYP001481878659_ptm0.854.pdb	MGYP003110004411_ptm0.941.pdb
MGYP001481878659_ptm0.854.pdb	MGYP003110041355_ptm0.939.pdb
MGYP001481878659_ptm0.854.pdb	MGYP003110288594_ptm0.945.pdb
MGYP001481878659_ptm0.854.pdb	MGYP003110348197_ptm0.793.pdb
MGYP001481878659_ptm0.854.pdb	MGYP003110370675_ptm0.950.pdb
MGYP001481878659_ptm0.854.pdb	MGYP003110410220_ptm0.820.pdb
MGYP001481878659_ptm0.854.pdb	MGYP003110482896_ptm0.937.pdb
MGYP001481878659_ptm0.854.pdb	MGYP003110518084_ptm0.904.pdb
MGYP001481878659_ptm0.854.pdb	MGYP003110523135_ptm0.946.pdb
MGYP001481878659_ptm0.854.pdb	MGYP003110589700_ptm0.943.pdb
MGYP001481878659_ptm0.854.pdb	MGYP003110748565_ptm0.937.pdb
MGYP001481878659_ptm0.854.pdb	MGYP003110750709_ptm0.844.pdb
MGYP001481878659_ptm0.854.pdb	MGYP003110987429_ptm0.867.pdb
MGYP001481878659_ptm0.854.pdb	MGYP003111022402_ptm0.946.pdb
MGYP001481878659_ptm0.854.pdb	MGYP003111045229_ptm0.942.pdb
MGYP001481878659_ptm0.854.pdb	MGYP003111168657_ptm0.939.pdb
MGYP001481878659_ptm0.854.pdb	MGYP003111172809_ptm0.849.pdb
MGYP001481878659_ptm0.854.pdb	MGYP003111340946_ptm0.937.pdb
MGYP001481878659_ptm0.854.pdb	MGYP003111349548_ptm0.940.pdb
MGYP001481878659_ptm0.854.pdb	MGYP003111361158_ptm0.940.pdb
MGYP001481878659_ptm0.854.pdb	MGYP003111488428_ptm0.896.pdb
MGYP001481878659_ptm0.854.pdb	MGYP003111533729_ptm0.942.pdb
MGYP001481878659_ptm0.854.pdb	MGYP003111587628_ptm0.934.pdb
MGYP001481878659_ptm0.854.pdb	MGYP003111593282_ptm0.947.pdb
MGYP001481878659_ptm0.854.pdb	MGYP003111619074_ptm0.945.pdb
MGYP001481878659_ptm0.854.pdb	MGYP003111669453_ptm0.939.pdb
MGYP001481878659_ptm0.854.pdb	MGYP003111672234_ptm0.948.pdb
MGYP001481878659_ptm0.854.pdb	MGYP003111778239_ptm0.939.pdb
MGYP001481878659_ptm0.854.pdb	MGYP003111894484_ptm0.927.pdb
MGYP001481878659_ptm0.854.pdb	MGYP003112015795_ptm0.948.pdb
MGYP001481878659_ptm0.854.pdb	MGYP003112380670_ptm0.941.pdb
MGYP001481878659_ptm0.854.pdb	MGYP003112401450_ptm0.942.pdb
MGYP001481878659_ptm0.854.pdb	MGYP003113059926_ptm0.940.pdb
MGYP001481878659_ptm0.854.pdb	MGYP003113204176_ptm0.942.pdb
MGYP001481878659_ptm0.854.pdb	MGYP003113224282_ptm0.827.pdb
MGYP001481878659_ptm0.854.pdb	MGYP003113332839_ptm0.841.pdb
MGYP001481878659_ptm0.854.pdb	MGYP003113685847_ptm0.871.pdb
MGYP001481878659_ptm0.854.pdb	MGYP003114047878_ptm0.932.pdb
MGYP001481878659_ptm0.854.pdb	MGYP003114154398_ptm0.940.pdb
MGYP001481878659_ptm0.854.pdb	MGYP003114780030_ptm0.858.pdb
MGYP001481878659_ptm0.854.pdb	MGYP003117384472_ptm0.944.pdb
MGYP001481878659_ptm0.854.pdb	MGYP003118648785_ptm0.947.pdb
MGYP001481878659_ptm0.854.pdb	MGYP003119038202_ptm0.849.pdb
MGYP001481878659_ptm0.854.pdb	MGYP003119448022_ptm0.939.pdb
MGYP001481878659_ptm0.854.pdb	MGYP003120316509_ptm0.936.pdb
MGYP001481878659_ptm0.854.pdb	MGYP003120617315_ptm0.944.pdb
MGYP001481878659_ptm0.854.pdb	MGYP003121220240_ptm0.813.pdb
MGYP001481878659_ptm0.854.pdb	MGYP003121347886_ptm0.942.pdb
MGYP001481878659_ptm0.854.pdb	MGYP003122407432_ptm0.940.pdb
MGYP001481878659_ptm0.854.pdb	MGYP003122659305_ptm0.875.pdb
MGYP001481878659_ptm0.854.pdb	MGYP003122815797_ptm0.935.pdb
MGYP001481878659_ptm0.854.pdb	MGYP003122990963_ptm0.932.pdb
MGYP001481878659_ptm0.854.pdb	MGYP003123049844_ptm0.819.pdb
MGYP001481878659_ptm0.854.pdb	MGYP003123217689_ptm0.935.pdb
MGYP001481878659_ptm0.854.pdb	MGYP003123282430_ptm0.937.pdb
MGYP001481878659_ptm0.854.pdb	MGYP003123375869_ptm0.939.pdb
MGYP001481878659_ptm0.854.pdb	MGYP003123919383_ptm0.941.pdb
MGYP001481878659_ptm0.854.pdb	MGYP003125186926_ptm0.940.pdb
MGYP001481878659_ptm0.854.pdb	MGYP003126429800_ptm0.946.pdb
MGYP001481878659_ptm0.854.pdb	MGYP003130771870_ptm0.940.pdb
MGYP001481878659_ptm0.854.pdb	MGYP003130828578_ptm0.948.pdb
MGYP001481878659_ptm0.854.pdb	MGYP003130896271_ptm0.933.pdb
MGYP001481878659_ptm0.854.pdb	MGYP003130990335_ptm0.940.pdb
MGYP001481878659_ptm0.854.pdb	MGYP003131024615_ptm0.937.pdb
MGYP001481878659_ptm0.854.pdb	MGYP003131152314_ptm0.950.pdb
MGYP001481878659_ptm0.854.pdb	MGYP003131181386_ptm0.939.pdb
MGYP001481878659_ptm0.854.pdb	MGYP003131440832_ptm0.941.pdb
MGYP001481878659_ptm0.854.pdb	MGYP003131532486_ptm0.812.pdb
MGYP001481878659_ptm0.854.pdb	MGYP003131538675_ptm0.944.pdb
MGYP001481878659_ptm0.854.pdb	MGYP003131547602_ptm0.794.pdb
MGYP001481878659_ptm0.854.pdb	MGYP003131585963_ptm0.940.pdb
MGYP001481878659_ptm0.854.pdb	MGYP003131634334_ptm0.940.pdb
MGYP001481878659_ptm0.854.pdb	MGYP003131647051_ptm0.944.pdb
MGYP001481878659_ptm0.854.pdb	MGYP003131710754_ptm0.943.pdb
MGYP001481878659_ptm0.854.pdb	MGYP003131763798_ptm0.866.pdb
MGYP001481878659_ptm0.854.pdb	MGYP003131861894_ptm0.850.pdb
MGYP001481878659_ptm0.854.pdb	MGYP003131873238_ptm0.796.pdb
MGYP001481878659_ptm0.854.pdb	MGYP003131886835_ptm0.939.pdb
MGYP001481878659_ptm0.854.pdb	MGYP003131900327_ptm0.937.pdb
MGYP001481878659_ptm0.854.pdb	MGYP003131905114_ptm0.941.pdb
MGYP001481878659_ptm0.854.pdb	MGYP003131911685_ptm0.931.pdb
MGYP001481878659_ptm0.854.pdb	MGYP003131924773_ptm0.786.pdb
MGYP001481878659_ptm0.854.pdb	MGYP003131974671_ptm0.946.pdb
MGYP001481878659_ptm0.854.pdb	MGYP003131978844_ptm0.808.pdb
MGYP001481878659_ptm0.854.pdb	MGYP003131986813_ptm0.948.pdb
MGYP001481878659_ptm0.854.pdb	MGYP003132011367_ptm0.871.pdb
MGYP001481878659_ptm0.854.pdb	MGYP003132112768_ptm0.858.pdb
MGYP001481878659_ptm0.854.pdb	MGYP003132116479_ptm0.941.pdb
MGYP001481878659_ptm0.854.pdb	MGYP003132251715_ptm0.949.pdb
MGYP001481878659_ptm0.854.pdb	MGYP003132349540_ptm0.940.pdb
MGYP001481878659_ptm0.854.pdb	MGYP003132449900_ptm0.937.pdb
MGYP001481878659_ptm0.854.pdb	MGYP003132507861_ptm0.947.pdb
MGYP001481878659_ptm0.854.pdb	MGYP003132612910_ptm0.942.pdb
MGYP001481878659_ptm0.854.pdb	MGYP003132628089_ptm0.907.pdb
MGYP001481878659_ptm0.854.pdb	MGYP003132635862_ptm0.949.pdb
MGYP001481878659_ptm0.854.pdb	MGYP003132708493_ptm0.942.pdb
MGYP001481878659_ptm0.854.pdb	MGYP003132740542_ptm0.866.pdb
MGYP001481878659_ptm0.854.pdb	MGYP003132782205_ptm0.941.pdb
MGYP001481878659_ptm0.854.pdb	MGYP003132853655_ptm0.909.pdb
MGYP001481878659_ptm0.854.pdb	MGYP003133000315_ptm0.834.pdb
MGYP001481878659_ptm0.854.pdb	MGYP003133009355_ptm0.935.pdb
MGYP001481878659_ptm0.854.pdb	MGYP003133030325_ptm0.937.pdb
MGYP001481878659_ptm0.854.pdb	MGYP003133032546_ptm0.870.pdb
MGYP001481878659_ptm0.854.pdb	MGYP003133842258_ptm0.946.pdb
MGYP001481878659_ptm0.854.pdb	MGYP003133878326_ptm0.944.pdb
MGYP001481878659_ptm0.854.pdb	MGYP003134650983_ptm0.835.pdb
MGYP001481878659_ptm0.854.pdb	MGYP003143538661_ptm0.934.pdb
MGYP001481878659_ptm0.854.pdb	MGYP003143758531_ptm0.937.pdb
MGYP001481878659_ptm0.854.pdb	MGYP003143896327_ptm0.850.pdb
MGYP001481878659_ptm0.854.pdb	MGYP003144635947_ptm0.947.pdb
MGYP001481878659_ptm0.854.pdb	MGYP003145474920_ptm0.864.pdb
MGYP001481878659_ptm0.854.pdb	MGYP003145562269_ptm0.939.pdb
MGYP001481878659_ptm0.854.pdb	MGYP003145785247_ptm0.941.pdb
MGYP001481878659_ptm0.854.pdb	MGYP003146267043_ptm0.940.pdb
MGYP001481878659_ptm0.854.pdb	MGYP003147470617_ptm0.869.pdb
MGYP001481878659_ptm0.854.pdb	MGYP003147512252_ptm0.807.pdb
MGYP001481878659_ptm0.854.pdb	MGYP003147643989_ptm0.941.pdb
MGYP001481878659_ptm0.854.pdb	MGYP003177775638_ptm0.880.pdb
MGYP001481878659_ptm0.854.pdb	MGYP003181827401_ptm0.856.pdb
MGYP001481878659_ptm0.854.pdb	MGYP003205503727_ptm0.853.pdb
MGYP001481878659_ptm0.854.pdb	MGYP003216357466_ptm0.859.pdb
MGYP001481878659_ptm0.854.pdb	MGYP003276472124_ptm0.928.pdb
MGYP001481878659_ptm0.854.pdb	MGYP003288119359_ptm0.928.pdb
MGYP001481878659_ptm0.854.pdb	MGYP003288323838_ptm0.849.pdb
MGYP001481878659_ptm0.854.pdb	MGYP003288402760_ptm0.859.pdb
MGYP001481878659_ptm0.854.pdb	MGYP003289347611_ptm0.853.pdb
MGYP001481878659_ptm0.854.pdb	MGYP003289565808_ptm0.869.pdb
MGYP001481878659_ptm0.854.pdb	MGYP003297643358_ptm0.844.pdb
MGYP001481878659_ptm0.854.pdb	MGYP003299001932_ptm0.824.pdb
MGYP001481878659_ptm0.854.pdb	MGYP003318839404_ptm0.939.pdb
MGYP001481878659_ptm0.854.pdb	MGYP003325516961_ptm0.753.pdb
MGYP001481878659_ptm0.854.pdb	MGYP003325740347_ptm0.891.pdb
MGYP001481878659_ptm0.854.pdb	MGYP003327949767_ptm0.926.pdb
MGYP001481878659_ptm0.854.pdb	MGYP003331015935_ptm0.845.pdb
MGYP001481878659_ptm0.854.pdb	MGYP003331240882_ptm0.824.pdb
MGYP001481878659_ptm0.854.pdb	MGYP003332394819_ptm0.847.pdb
MGYP001481878659_ptm0.854.pdb	MGYP003333152505_ptm0.824.pdb
MGYP001481878659_ptm0.854.pdb	MGYP003334083347_ptm0.800.pdb
MGYP001481878659_ptm0.854.pdb	MGYP003342830123_ptm0.802.pdb
MGYP001481878659_ptm0.854.pdb	MGYP003361793332_ptm0.863.pdb
MGYP001481878659_ptm0.854.pdb	MGYP003365006076_ptm0.882.pdb
MGYP001481878659_ptm0.854.pdb	MGYP003365071608_ptm0.915.pdb
MGYP001481878659_ptm0.854.pdb	MGYP003365230747_ptm0.876.pdb
MGYP001481878659_ptm0.854.pdb	MGYP003365459109_ptm0.929.pdb
MGYP001481878659_ptm0.854.pdb	MGYP003370907635_ptm0.862.pdb
MGYP001481878659_ptm0.854.pdb	MGYP003384526964_ptm0.829.pdb
MGYP001481878659_ptm0.854.pdb	MGYP003390016010_ptm0.916.pdb
MGYP001481878659_ptm0.854.pdb	MGYP003391900473_ptm0.823.pdb
MGYP001481878659_ptm0.854.pdb	MGYP003392391534_ptm0.809.pdb
MGYP001481878659_ptm0.854.pdb	MGYP003393108739_ptm0.811.pdb
MGYP001481878659_ptm0.854.pdb	MGYP003407064551_ptm0.820.pdb
MGYP001481878659_ptm0.854.pdb	MGYP003583420273_ptm0.932.pdb
MGYP001481878659_ptm0.854.pdb	MGYP003584596180_ptm0.828.pdb
MGYP001481878659_ptm0.854.pdb	MGYP003598712058_ptm0.835.pdb
MGYP001481878659_ptm0.854.pdb	MGYP003614871855_ptm0.818.pdb
MGYP001481878659_ptm0.854.pdb	MGYP003624168637_ptm0.941.pdb
MGYP001481878659_ptm0.854.pdb	MGYP003624188252_ptm0.941.pdb
MGYP001481878659_ptm0.854.pdb	MGYP003624197271_ptm0.942.pdb
MGYP001481878659_ptm0.854.pdb	MGYP003624216520_ptm0.941.pdb
MGYP001481878659_ptm0.854.pdb	MGYP003624226484_ptm0.945.pdb
MGYP001481878659_ptm0.854.pdb	MGYP003624265722_ptm0.932.pdb
MGYP001481878659_ptm0.854.pdb	MGYP003624294312_ptm0.943.pdb
MGYP001481878659_ptm0.854.pdb	MGYP003624347314_ptm0.938.pdb
MGYP001481878659_ptm0.854.pdb	MGYP003624438175_ptm0.937.pdb
MGYP001481878659_ptm0.854.pdb	MGYP003624514218_ptm0.941.pdb
MGYP001481878659_ptm0.854.pdb	MGYP003624557185_ptm0.809.pdb
MGYP001481878659_ptm0.854.pdb	MGYP003624558656_ptm0.946.pdb
MGYP001481878659_ptm0.854.pdb	MGYP003624630923_ptm0.943.pdb
MGYP001481878659_ptm0.854.pdb	MGYP003624727194_ptm0.942.pdb
MGYP001481878659_ptm0.854.pdb	MGYP003624849420_ptm0.944.pdb
MGYP001481878659_ptm0.854.pdb	MGYP003624851484_ptm0.946.pdb
MGYP001481878659_ptm0.854.pdb	MGYP003624883520_ptm0.838.pdb
MGYP001481878659_ptm0.854.pdb	MGYP003624930978_ptm0.746.pdb
MGYP001481878659_ptm0.854.pdb	MGYP003624973262_ptm0.935.pdb
MGYP001481878659_ptm0.854.pdb	MGYP003624978134_ptm0.942.pdb
MGYP001481878659_ptm0.854.pdb	MGYP003625971629_ptm0.946.pdb
MGYP001481878659_ptm0.854.pdb	MGYP003626685010_ptm0.938.pdb
MGYP001481878659_ptm0.854.pdb	MGYP003626701920_ptm0.933.pdb
MGYP001481878659_ptm0.854.pdb	MGYP003626707788_ptm0.850.pdb
MGYP001481878659_ptm0.854.pdb	MGYP003626729650_ptm0.835.pdb
MGYP001481878659_ptm0.854.pdb	MGYP003626751543_ptm0.932.pdb
MGYP001481878659_ptm0.854.pdb	MGYP003627813110_ptm0.944.pdb
MGYP001481878659_ptm0.854.pdb	MGYP003629521487_ptm0.937.pdb
MGYP001481878659_ptm0.854.pdb	MGYP003629805353_ptm0.848.pdb
MGYP001481878659_ptm0.854.pdb	MGYP003629841674_ptm0.933.pdb
MGYP001481878659_ptm0.854.pdb	MGYP003629867423_ptm0.944.pdb
MGYP001481878659_ptm0.854.pdb	MGYP003630009956_ptm0.940.pdb
MGYP001481878659_ptm0.854.pdb	MGYP003630281003_ptm0.818.pdb
MGYP001481878659_ptm0.854.pdb	MGYP003630292458_ptm0.858.pdb
MGYP001481878659_ptm0.854.pdb	MGYP003630302123_ptm0.938.pdb
MGYP001481878659_ptm0.854.pdb	MGYP003630311414_ptm0.946.pdb
MGYP001481878659_ptm0.854.pdb	MGYP003630488781_ptm0.945.pdb
MGYP001481878659_ptm0.854.pdb	MGYP003630673280_ptm0.940.pdb
MGYP001481878659_ptm0.854.pdb	MGYP003630886785_ptm0.939.pdb
MGYP001481878659_ptm0.854.pdb	MGYP003631326536_ptm0.893.pdb
MGYP001481878659_ptm0.854.pdb	MGYP003631449103_ptm0.854.pdb
MGYP001481878659_ptm0.854.pdb	MGYP003631647751_ptm0.934.pdb
MGYP001481878659_ptm0.854.pdb	MGYP003631662569_ptm0.815.pdb
MGYP001481878659_ptm0.854.pdb	MGYP003631795268_ptm0.816.pdb
MGYP001481878659_ptm0.854.pdb	MGYP003631798119_ptm0.941.pdb
MGYP001481878659_ptm0.854.pdb	MGYP003632088162_ptm0.942.pdb
MGYP001481878659_ptm0.854.pdb	MGYP003632254601_ptm0.943.pdb
MGYP001481878659_ptm0.854.pdb	MGYP003632507320_ptm0.803.pdb
MGYP001481878659_ptm0.854.pdb	MGYP003632619538_ptm0.939.pdb
MGYP001481878659_ptm0.854.pdb	MGYP003632863261_ptm0.903.pdb
MGYP001481878659_ptm0.854.pdb	MGYP003633099443_ptm0.948.pdb
MGYP001481878659_ptm0.854.pdb	MGYP003633225274_ptm0.941.pdb
MGYP001481878659_ptm0.854.pdb	MGYP003633757380_ptm0.944.pdb
MGYP001481878659_ptm0.854.pdb	MGYP003634397047_ptm0.834.pdb
MGYP001481878659_ptm0.854.pdb	MGYP003636030588_ptm0.936.pdb
MGYP001481878659_ptm0.854.pdb	MGYP003636133683_ptm0.940.pdb
MGYP001481878659_ptm0.854.pdb	MGYP003636591556_ptm0.875.pdb
MGYP001481878659_ptm0.854.pdb	MGYP003636681421_ptm0.784.pdb
MGYP001481878659_ptm0.854.pdb	MGYP003637607232_ptm0.887.pdb
MGYP001481878659_ptm0.854.pdb	MGYP003637833307_ptm0.837.pdb
MGYP001481878659_ptm0.854.pdb	MGYP003638283004_ptm0.942.pdb
MGYP001481878659_ptm0.854.pdb	MGYP003638930207_ptm0.869.pdb
MGYP001481878659_ptm0.854.pdb	MGYP003639185136_ptm0.916.pdb
MGYP001481878659_ptm0.854.pdb	MGYP003640703115_ptm0.947.pdb
MGYP001481878659_ptm0.854.pdb	MGYP003641001690_ptm0.936.pdb
MGYP001481878659_ptm0.854.pdb	MGYP003642658413_ptm0.910.pdb
MGYP001481878659_ptm0.854.pdb	MGYP003643222564_ptm0.874.pdb
MGYP001481878659_ptm0.854.pdb	MGYP003643710131_ptm0.780.pdb
MGYP001481878659_ptm0.854.pdb	MGYP003644263450_ptm0.949.pdb
MGYP001481878659_ptm0.854.pdb	MGYP003644569838_ptm0.874.pdb
MGYP001481878659_ptm0.854.pdb	MGYP003644684321_ptm0.871.pdb
MGYP001481878659_ptm0.854.pdb	MGYP003645114312_ptm0.839.pdb
MGYP001481878659_ptm0.854.pdb	MGYP003645650826_ptm0.878.pdb
MGYP001481878659_ptm0.854.pdb	MGYP003646519450_ptm0.850.pdb
MGYP001481878659_ptm0.854.pdb	MGYP003646749732_ptm0.883.pdb
MGYP001481878659_ptm0.854.pdb	MGYP003662477660_ptm0.938.pdb
MGYP001481878659_ptm0.854.pdb	MGYP003668066890_ptm0.946.pdb
MGYP001481878659_ptm0.854.pdb	MGYP003669342811_ptm0.846.pdb
MGYP001481878659_ptm0.854.pdb	MGYP003669773156_ptm0.798.pdb
MGYP001481878659_ptm0.854.pdb	MGYP003671045276_ptm0.793.pdb
MGYP001508311700_ptm0.750.pdb	MGYP001508311700_ptm0.750.pdb
MGYP001517785574_ptm0.754.pdb	MGYP001517785574_ptm0.754.pdb
MGYP001517785574_ptm0.754.pdb	MGYP000014250595_ptm0.712.pdb
MGYP001517785574_ptm0.754.pdb	MGYP000020747349_ptm0.704.pdb
MGYP001517785574_ptm0.754.pdb	MGYP000026633983_ptm0.713.pdb
MGYP001517785574_ptm0.754.pdb	MGYP000061957562_ptm0.714.pdb
MGYP001517785574_ptm0.754.pdb	MGYP000097419240_ptm0.712.pdb
MGYP001517785574_ptm0.754.pdb	MGYP000109747714_ptm0.709.pdb
MGYP001517785574_ptm0.754.pdb	MGYP000133107106_ptm0.709.pdb
MGYP001517785574_ptm0.754.pdb	MGYP000136147697_ptm0.755.pdb
MGYP001517785574_ptm0.754.pdb	MGYP000139100661_ptm0.755.pdb
MGYP001517785574_ptm0.754.pdb	MGYP000169731517.pdb
MGYP001517785574_ptm0.754.pdb	MGYP000180138347_ptm0.706.pdb
MGYP001517785574_ptm0.754.pdb	MGYP000181460370.pdb
MGYP001517785574_ptm0.754.pdb	MGYP000216743126_ptm0.712.pdb
MGYP001517785574_ptm0.754.pdb	MGYP000218991389_ptm0.708.pdb
MGYP001517785574_ptm0.754.pdb	MGYP000278747826.pdb
MGYP001517785574_ptm0.754.pdb	MGYP000324372200_ptm0.707.pdb
MGYP001517785574_ptm0.754.pdb	MGYP000368963422_ptm0.709.pdb
MGYP001517785574_ptm0.754.pdb	MGYP000392276880_ptm0.713.pdb
MGYP001517785574_ptm0.754.pdb	MGYP000442856419_ptm0.754.pdb
MGYP001517785574_ptm0.754.pdb	MGYP000449797860.pdb
MGYP001517785574_ptm0.754.pdb	MGYP000504493363_ptm0.710.pdb
MGYP001517785574_ptm0.754.pdb	MGYP000535352787_ptm0.798.pdb
MGYP001517785574_ptm0.754.pdb	MGYP000536735259_ptm0.827.pdb
MGYP001517785574_ptm0.754.pdb	MGYP000590698055_ptm0.706.pdb
MGYP001517785574_ptm0.754.pdb	MGYP000631152961_ptm0.768.pdb
MGYP001517785574_ptm0.754.pdb	MGYP000634802015_ptm0.714.pdb
MGYP001517785574_ptm0.754.pdb	MGYP000672736020_ptm0.713.pdb
MGYP001517785574_ptm0.754.pdb	MGYP000702098687_ptm0.769.pdb
MGYP001517785574_ptm0.754.pdb	MGYP000737459476_ptm0.709.pdb
MGYP001517785574_ptm0.754.pdb	MGYP001207060548_ptm0.860.pdb
MGYP001517785574_ptm0.754.pdb	MGYP001324692383_ptm0.852.pdb
MGYP001517785574_ptm0.754.pdb	MGYP001509840067_ptm0.706.pdb
MGYP001517785574_ptm0.754.pdb	MGYP001515860935_ptm0.754.pdb
MGYP001517785574_ptm0.754.pdb	MGYP001522116553_ptm0.839.pdb
MGYP001517785574_ptm0.754.pdb	MGYP001560190438_ptm0.803.pdb
MGYP001517785574_ptm0.754.pdb	MGYP001634543889_ptm0.822.pdb
MGYP001517785574_ptm0.754.pdb	MGYP001771134318_ptm0.722.pdb
MGYP001517785574_ptm0.754.pdb	MGYP001774798018_ptm0.728.pdb
MGYP001517785574_ptm0.754.pdb	MGYP001775299270_ptm0.710.pdb
MGYP001517785574_ptm0.754.pdb	MGYP002093870796_ptm0.717.pdb
MGYP001517785574_ptm0.754.pdb	MGYP002732142711_ptm0.752.pdb
MGYP001517785574_ptm0.754.pdb	MGYP003095845846_ptm0.710.pdb
MGYP001517785574_ptm0.754.pdb	MGYP003132077312_ptm0.795.pdb
MGYP001517785574_ptm0.754.pdb	MGYP003133150347_ptm0.748.pdb
MGYP001517785574_ptm0.754.pdb	MGYP003143779196_ptm0.732.pdb
MGYP001517785574_ptm0.754.pdb	MGYP003143863407_ptm0.775.pdb
MGYP001517785574_ptm0.754.pdb	MGYP003144277629_ptm0.853.pdb
MGYP001517785574_ptm0.754.pdb	MGYP003234681818_ptm0.706.pdb
MGYP001517785574_ptm0.754.pdb	MGYP003298377114_ptm0.720.pdb
MGYP001517785574_ptm0.754.pdb	MGYP003369753235_ptm0.706.pdb
MGYP001517785574_ptm0.754.pdb	MGYP003627666081_ptm0.732.pdb
MGYP001563887314_ptm0.548.pdb	MGYP001563887314_ptm0.548.pdb
MGYP001595317607_ptm0.737.pdb	MGYP001595317607_ptm0.737.pdb
MGYP001595317607_ptm0.737.pdb	MGYP000016510006_ptm0.761.pdb
MGYP001595317607_ptm0.737.pdb	MGYP000091752113_ptm0.713.pdb
MGYP001595317607_ptm0.737.pdb	MGYP000118000528_ptm0.709.pdb
MGYP001595317607_ptm0.737.pdb	MGYP000150420554_ptm0.708.pdb
MGYP001595317607_ptm0.737.pdb	MGYP000224374348_ptm0.890.pdb
MGYP001595317607_ptm0.737.pdb	MGYP000237508066.pdb
MGYP001595317607_ptm0.737.pdb	MGYP000275805277_ptm0.872.pdb
MGYP001595317607_ptm0.737.pdb	MGYP000284114529_ptm0.809.pdb
MGYP001595317607_ptm0.737.pdb	MGYP000293575766_ptm0.780.pdb
MGYP001595317607_ptm0.737.pdb	MGYP000305296747_ptm0.783.pdb
MGYP001595317607_ptm0.737.pdb	MGYP000305901162_ptm0.830.pdb
MGYP001595317607_ptm0.737.pdb	MGYP000362831547_ptm0.760.pdb
MGYP001595317607_ptm0.737.pdb	MGYP000384898641_ptm0.784.pdb
MGYP001595317607_ptm0.737.pdb	MGYP000397969387_ptm0.914.pdb
MGYP001595317607_ptm0.737.pdb	MGYP000548611181_ptm0.708.pdb
MGYP001595317607_ptm0.737.pdb	MGYP000626451181_ptm0.753.pdb
MGYP001595317607_ptm0.737.pdb	MGYP000746573042_ptm0.886.pdb
MGYP001595317607_ptm0.737.pdb	MGYP001043987677_ptm0.913.pdb
MGYP001595317607_ptm0.737.pdb	MGYP001270518259.pdb
MGYP001595317607_ptm0.737.pdb	MGYP001287126028.pdb
MGYP001595317607_ptm0.737.pdb	MGYP001324846549_ptm0.906.pdb
MGYP001595317607_ptm0.737.pdb	MGYP001382135965_ptm0.778.pdb
MGYP001595317607_ptm0.737.pdb	MGYP001471313547_ptm0.759.pdb
MGYP001595317607_ptm0.737.pdb	MGYP001501161619_ptm0.816.pdb
MGYP001595317607_ptm0.737.pdb	MGYP001573638360_ptm0.806.pdb
MGYP001595317607_ptm0.737.pdb	MGYP001600986572_ptm0.862.pdb
MGYP001595317607_ptm0.737.pdb	MGYP001627025497_ptm0.807.pdb
MGYP001595317607_ptm0.737.pdb	MGYP001627112497_ptm0.819.pdb
MGYP001595317607_ptm0.737.pdb	MGYP001771196130_ptm0.887.pdb
MGYP001595317607_ptm0.737.pdb	MGYP001775247376_ptm0.893.pdb
MGYP001595317607_ptm0.737.pdb	MGYP001775310354_ptm0.876.pdb
MGYP001595317607_ptm0.737.pdb	MGYP001805949054_ptm0.818.pdb
MGYP001595317607_ptm0.737.pdb	MGYP001809623593_ptm0.820.pdb
MGYP001595317607_ptm0.737.pdb	MGYP001809675765_ptm0.804.pdb
MGYP001595317607_ptm0.737.pdb	MGYP003115569483_ptm0.924.pdb
MGYP001595317607_ptm0.737.pdb	MGYP003251308532_ptm0.823.pdb
MGYP001595317607_ptm0.737.pdb	MGYP003257694456_ptm0.823.pdb
MGYP001595317607_ptm0.737.pdb	MGYP003276588014_ptm0.832.pdb
MGYP001595317607_ptm0.737.pdb	MGYP003290296536_ptm0.845.pdb
MGYP001595317607_ptm0.737.pdb	MGYP003335440937_ptm0.926.pdb
MGYP001595317607_ptm0.737.pdb	MGYP003342430370_ptm0.910.pdb
MGYP001595317607_ptm0.737.pdb	MGYP003365015307_ptm0.821.pdb
MGYP001595317607_ptm0.737.pdb	MGYP003393043718_ptm0.911.pdb
MGYP001595317607_ptm0.737.pdb	MGYP003584425436_ptm0.827.pdb
MGYP001595317607_ptm0.737.pdb	MGYP003631999817_ptm0.934.pdb
MGYP001595317607_ptm0.737.pdb	MGYP003644485079_ptm0.934.pdb
MGYP001595317607_ptm0.737.pdb	MGYP003662916668_ptm0.915.pdb
MGYP001595317607_ptm0.737.pdb	MGYP003996594435_ptm0.785.pdb
MGYP001660711218_ptm0.752.pdb	MGYP001660711218_ptm0.752.pdb
MGYP001660711218_ptm0.752.pdb	MGYP001475416266_ptm0.968.pdb
MGYP001660711218_ptm0.752.pdb	MGYP001619032387_ptm0.791.pdb
MGYP001770665372_ptm0.920.pdb	MGYP001770665372_ptm0.920.pdb
MGYP001770687550_ptm0.828.pdb	MGYP001770687550_ptm0.828.pdb
MGYP001772626497_ptm0.711.pdb	MGYP001772626497_ptm0.711.pdb
MGYP001772626497_ptm0.711.pdb	MGYP000598674579_ptm0.720.pdb
MGYP001772626497_ptm0.711.pdb	MGYP000791274742_ptm0.786.pdb
MGYP001772626497_ptm0.711.pdb	MGYP001330071390.pdb
MGYP001772626497_ptm0.711.pdb	MGYP001365287079_ptm0.819.pdb
MGYP001772626497_ptm0.711.pdb	MGYP001404996557_ptm0.753.pdb
MGYP001772626497_ptm0.711.pdb	MGYP001414737684_ptm0.813.pdb
MGYP001772626497_ptm0.711.pdb	MGYP001483236822_ptm0.755.pdb
MGYP001772626497_ptm0.711.pdb	MGYP001622860715_ptm0.870.pdb
MGYP001772626497_ptm0.711.pdb	MGYP001626144185_ptm0.728.pdb
MGYP001772626497_ptm0.711.pdb	MGYP001626159621_ptm0.715.pdb
MGYP001772626497_ptm0.711.pdb	MGYP001626178968_ptm0.717.pdb
MGYP001772626497_ptm0.711.pdb	MGYP001626204566_ptm0.729.pdb
MGYP001772626497_ptm0.711.pdb	MGYP001626327972_ptm0.708.pdb
MGYP001772626497_ptm0.711.pdb	MGYP001626330305_ptm0.700.pdb
MGYP001772626497_ptm0.711.pdb	MGYP001754629936_ptm0.730.pdb
MGYP001772626497_ptm0.711.pdb	MGYP001770631041_ptm0.692.pdb
MGYP001772626497_ptm0.711.pdb	MGYP001770631215_ptm0.713.pdb
MGYP001772626497_ptm0.711.pdb	MGYP001772539121_ptm0.719.pdb
MGYP001772626497_ptm0.711.pdb	MGYP001772554294_ptm0.719.pdb
MGYP001772626497_ptm0.711.pdb	MGYP001772598765_ptm0.711.pdb
MGYP001772626497_ptm0.711.pdb	MGYP001772614567_ptm0.733.pdb
MGYP001772626497_ptm0.711.pdb	MGYP001772615312_ptm0.700.pdb
MGYP001772626497_ptm0.711.pdb	MGYP001772654563_ptm0.680.pdb
MGYP001772626497_ptm0.711.pdb	MGYP001774961900_ptm0.717.pdb
MGYP001772626497_ptm0.711.pdb	MGYP003221559410_ptm0.709.pdb
MGYP001772626497_ptm0.711.pdb	MGYP003239287391_ptm0.760.pdb
MGYP001772626497_ptm0.711.pdb	MGYP003278046883_ptm0.753.pdb
MGYP001772626497_ptm0.711.pdb	MGYP003291991102_ptm0.844.pdb
MGYP001772626497_ptm0.711.pdb	MGYP003363530338_ptm0.632.pdb
MGYP001772626497_ptm0.711.pdb	MGYP003370002623_ptm0.826.pdb
MGYP001772626497_ptm0.711.pdb	MGYP003640887170_ptm0.778.pdb
MGYP001793225276_ptm0.595.pdb	MGYP001793225276_ptm0.595.pdb
MGYP001809693053_ptm0.431.pdb	MGYP001809693053_ptm0.431.pdb
MGYP001975743896_ptm0.763.pdb	MGYP001975743896_ptm0.763.pdb
MGYP003082420564_ptm0.530.pdb	MGYP003082420564_ptm0.530.pdb
MGYP003082420564_ptm0.530.pdb	MGYP000488071151_ptm0.807.pdb
MGYP003082420564_ptm0.530.pdb	MGYP003108509317_ptm0.807.pdb
MGYP003088767509_ptm0.709.pdb	MGYP003088767509_ptm0.709.pdb
MGYP003108735519_ptm0.713.pdb	MGYP003108735519_ptm0.713.pdb
MGYP003109044713_ptm0.958.pdb	MGYP003109044713_ptm0.958.pdb
MGYP003109044713_ptm0.958.pdb	MGYP003143302346_ptm0.903.pdb
MGYP003110009043_ptm0.827.pdb	MGYP003110009043_ptm0.827.pdb
MGYP003131550817_ptm0.873.pdb	MGYP003131550817_ptm0.873.pdb
MGYP003134644496_ptm0.773.pdb	MGYP003134644496_ptm0.773.pdb
MGYP003134644496_ptm0.773.pdb	MGYP000593196585_ptm0.864.pdb
MGYP003134644496_ptm0.773.pdb	MGYP000610571525_ptm0.885.pdb
MGYP003134644496_ptm0.773.pdb	MGYP001217686582.pdb
MGYP003134644496_ptm0.773.pdb	MGYP001239357712_ptm0.761.pdb
MGYP003134644496_ptm0.773.pdb	MGYP001259956468_ptm0.785.pdb
MGYP003134644496_ptm0.773.pdb	MGYP001265704696_ptm0.734.pdb
MGYP003134644496_ptm0.773.pdb	MGYP001269856802.pdb
MGYP003134644496_ptm0.773.pdb	MGYP001272255422_ptm0.746.pdb
MGYP003134644496_ptm0.773.pdb	MGYP001273896388_ptm0.762.pdb
MGYP003134644496_ptm0.773.pdb	MGYP001291205606_ptm0.786.pdb
MGYP003134644496_ptm0.773.pdb	MGYP001304761174_ptm0.746.pdb
MGYP003134644496_ptm0.773.pdb	MGYP001334704839_ptm0.762.pdb
MGYP003134644496_ptm0.773.pdb	MGYP001388368279_ptm0.764.pdb
MGYP003134644496_ptm0.773.pdb	MGYP001422231159_ptm0.730.pdb
MGYP003134644496_ptm0.773.pdb	MGYP001439131671_ptm0.806.pdb
MGYP003134644496_ptm0.773.pdb	MGYP001478169182_ptm0.769.pdb
MGYP003134644496_ptm0.773.pdb	MGYP001775065734_ptm0.865.pdb
MGYP003134644496_ptm0.773.pdb	MGYP003109229901_ptm0.776.pdb
MGYP003134644496_ptm0.773.pdb	MGYP003109887254_ptm0.788.pdb
MGYP003134644496_ptm0.773.pdb	MGYP003119519882_ptm0.891.pdb
MGYP003134644496_ptm0.773.pdb	MGYP003121069150_ptm0.762.pdb
MGYP003134644496_ptm0.773.pdb	MGYP003198722132_ptm0.880.pdb
MGYP003134644496_ptm0.773.pdb	MGYP003203672706_ptm0.880.pdb
MGYP003134644496_ptm0.773.pdb	MGYP003320786395_ptm0.763.pdb
MGYP003134644496_ptm0.773.pdb	MGYP003321325438_ptm0.746.pdb
MGYP003134644496_ptm0.773.pdb	MGYP003624197090_ptm0.778.pdb
MGYP003134644496_ptm0.773.pdb	MGYP003640677375_ptm0.898.pdb
MGYP003134644496_ptm0.773.pdb	MGYP003668871406_ptm0.750.pdb
MGYP003134644496_ptm0.773.pdb	MGYP003965023667_ptm0.801.pdb
MGYP003134644496_ptm0.773.pdb	MGYP003968972085_ptm0.766.pdb
MGYP003148598028_ptm0.507.pdb	MGYP003148598028_ptm0.507.pdb
MGYP003148598028_ptm0.507.pdb	MGYP000441538521.pdb
MGYP003148598028_ptm0.507.pdb	MGYP000518926698_ptm0.543.pdb
MGYP003148598028_ptm0.507.pdb	MGYP001421991186.pdb
MGYP003148598028_ptm0.507.pdb	MGYP001559263913_ptm0.497.pdb
MGYP003203574958_ptm0.725.pdb	MGYP003203574958_ptm0.725.pdb
MGYP003226455751_ptm0.499.pdb	MGYP003226455751_ptm0.499.pdb
MGYP003226455751_ptm0.499.pdb	MGYP001166290498_ptm0.818.pdb
MGYP003226455751_ptm0.499.pdb	MGYP003194345035_ptm0.463.pdb
MGYP003230362339_ptm0.375.pdb	MGYP003230362339_ptm0.375.pdb
MGYP003289700650_ptm0.471.pdb	MGYP003289700650_ptm0.471.pdb
MGYP003290089060_ptm0.745.pdb	MGYP003290089060_ptm0.745.pdb
MGYP003290089060_ptm0.745.pdb	MGYP000130361336_ptm0.794.pdb
MGYP003290089060_ptm0.745.pdb	MGYP000303765274_ptm0.774.pdb
MGYP003367082268_ptm0.956.pdb	MGYP003367082268_ptm0.956.pdb
MGYP003367082268_ptm0.956.pdb	MGYP001595624303_ptm0.865.pdb
MGYP003371337604_ptm0.869.pdb	MGYP003371337604_ptm0.869.pdb
MGYP003372228945_ptm0.512.pdb	MGYP003372228945_ptm0.512.pdb
MGYP003372228945_ptm0.512.pdb	MGYP003371650251_ptm0.474.pdb
MGYP003372228945_ptm0.512.pdb	MGYP003372035793_ptm0.512.pdb
MGYP003372228945_ptm0.512.pdb	MGYP003668772704_ptm0.803.pdb
MGYP003624376069_ptm0.454.pdb	MGYP003624376069_ptm0.454.pdb
MGYP003626808622_ptm0.955.pdb	MGYP003626808622_ptm0.955.pdb
MGYP003630773743_ptm0.478.pdb	MGYP003630773743_ptm0.478.pdb
MGYP003630773743_ptm0.478.pdb	MGYP000002868012.pdb
MGYP003630773743_ptm0.478.pdb	MGYP001211218972.pdb
MGYP003630773743_ptm0.478.pdb	MGYP001443052137_ptm0.486.pdb
MGYP003630773743_ptm0.478.pdb	MGYP003108894514_ptm0.496.pdb
MGYP003630773743_ptm0.478.pdb	MGYP003624937466_ptm0.453.pdb
MGYP003630773743_ptm0.478.pdb	MGYP003626493905_ptm0.474.pdb
MGYP003630773743_ptm0.478.pdb	MGYP003626512906_ptm0.492.pdb
MGYP003630773743_ptm0.478.pdb	MGYP003664292513_ptm0.493.pdb
MGYP003630825227_ptm0.777.pdb	MGYP003630825227_ptm0.777.pdb
MGYP003630825227_ptm0.777.pdb	MGYP000022196991_ptm0.781.pdb
MGYP003630825227_ptm0.777.pdb	MGYP000238960271_ptm0.884.pdb
MGYP003630825227_ptm0.777.pdb	MGYP000384958797_ptm0.809.pdb
MGYP003630825227_ptm0.777.pdb	MGYP000535298561.pdb
MGYP003630825227_ptm0.777.pdb	MGYP000688630022.pdb
MGYP003630825227_ptm0.777.pdb	MGYP000703372477_ptm0.784.pdb
MGYP003630825227_ptm0.777.pdb	MGYP000715207823_ptm0.792.pdb
MGYP003630825227_ptm0.777.pdb	MGYP001169158013_ptm0.843.pdb
MGYP003630825227_ptm0.777.pdb	MGYP001182476470_ptm0.945.pdb
MGYP003630825227_ptm0.777.pdb	MGYP001182825234_ptm0.790.pdb
MGYP003630825227_ptm0.777.pdb	MGYP001185508091_ptm0.845.pdb
MGYP003630825227_ptm0.777.pdb	MGYP001189214503_ptm0.851.pdb
MGYP003630825227_ptm0.777.pdb	MGYP001189454835.pdb
MGYP003630825227_ptm0.777.pdb	MGYP001212770936_ptm0.842.pdb
MGYP003630825227_ptm0.777.pdb	MGYP001224706549.pdb
MGYP003630825227_ptm0.777.pdb	MGYP001230535786.pdb
MGYP003630825227_ptm0.777.pdb	MGYP001255636907_ptm0.850.pdb
MGYP003630825227_ptm0.777.pdb	MGYP001263746768_ptm0.839.pdb
MGYP003630825227_ptm0.777.pdb	MGYP001269121003_ptm0.834.pdb
MGYP003630825227_ptm0.777.pdb	MGYP001271048552_ptm0.815.pdb
MGYP003630825227_ptm0.777.pdb	MGYP001278612732_ptm0.816.pdb
MGYP003630825227_ptm0.777.pdb	MGYP001298972360_ptm0.950.pdb
MGYP003630825227_ptm0.777.pdb	MGYP001303486732_ptm0.863.pdb
MGYP003630825227_ptm0.777.pdb	MGYP001319250528_ptm0.821.pdb
MGYP003630825227_ptm0.777.pdb	MGYP001334209676_ptm0.851.pdb
MGYP003630825227_ptm0.777.pdb	MGYP001353314205_ptm0.819.pdb
MGYP003630825227_ptm0.777.pdb	MGYP001353350287_ptm0.942.pdb
MGYP003630825227_ptm0.777.pdb	MGYP001354459675_ptm0.833.pdb
MGYP003630825227_ptm0.777.pdb	MGYP001373235440.pdb
MGYP003630825227_ptm0.777.pdb	MGYP001378666132.pdb
MGYP003630825227_ptm0.777.pdb	MGYP001403321319.pdb
MGYP003630825227_ptm0.777.pdb	MGYP001404388121_ptm0.835.pdb
MGYP003630825227_ptm0.777.pdb	MGYP001410016891.pdb
MGYP003630825227_ptm0.777.pdb	MGYP001418384617.pdb
MGYP003630825227_ptm0.777.pdb	MGYP001422554227_ptm0.834.pdb
MGYP003630825227_ptm0.777.pdb	MGYP001433073694_ptm0.819.pdb
MGYP003630825227_ptm0.777.pdb	MGYP001434629954_ptm0.851.pdb
MGYP003630825227_ptm0.777.pdb	MGYP001436112370_ptm0.803.pdb
MGYP003630825227_ptm0.777.pdb	MGYP001455352054_ptm0.847.pdb
MGYP003630825227_ptm0.777.pdb	MGYP001467153000_ptm0.841.pdb
MGYP003630825227_ptm0.777.pdb	MGYP001475627043_ptm0.862.pdb
MGYP003630825227_ptm0.777.pdb	MGYP001486486994_ptm0.834.pdb
MGYP003630825227_ptm0.777.pdb	MGYP001551245615_ptm0.793.pdb
MGYP003630825227_ptm0.777.pdb	MGYP001774265158_ptm0.888.pdb
MGYP003630825227_ptm0.777.pdb	MGYP001806711746_ptm0.836.pdb
MGYP003630825227_ptm0.777.pdb	MGYP003095920864_ptm0.840.pdb
MGYP003630825227_ptm0.777.pdb	MGYP003108424353_ptm0.843.pdb
MGYP003630825227_ptm0.777.pdb	MGYP003108470380_ptm0.843.pdb
MGYP003630825227_ptm0.777.pdb	MGYP003108865646_ptm0.846.pdb
MGYP003630825227_ptm0.777.pdb	MGYP003109911770_ptm0.829.pdb
MGYP003630825227_ptm0.777.pdb	MGYP003114965192_ptm0.908.pdb
MGYP003630825227_ptm0.777.pdb	MGYP003116365811_ptm0.943.pdb
MGYP003630825227_ptm0.777.pdb	MGYP003118746305_ptm0.841.pdb
MGYP003630825227_ptm0.777.pdb	MGYP003120379217_ptm0.839.pdb
MGYP003630825227_ptm0.777.pdb	MGYP003131744986_ptm0.845.pdb
MGYP003630825227_ptm0.777.pdb	MGYP003131802633_ptm0.805.pdb
MGYP003630825227_ptm0.777.pdb	MGYP003144987267_ptm0.842.pdb
MGYP003630825227_ptm0.777.pdb	MGYP003177821464_ptm0.882.pdb
MGYP003630825227_ptm0.777.pdb	MGYP003312577748_ptm0.836.pdb
MGYP003630825227_ptm0.777.pdb	MGYP003314210992_ptm0.806.pdb
MGYP003630825227_ptm0.777.pdb	MGYP003322770592_ptm0.845.pdb
MGYP003630825227_ptm0.777.pdb	MGYP003357318969_ptm0.890.pdb
MGYP003630825227_ptm0.777.pdb	MGYP003624477911_ptm0.842.pdb
MGYP003630825227_ptm0.777.pdb	MGYP003624493621_ptm0.945.pdb
MGYP003630825227_ptm0.777.pdb	MGYP003626247074_ptm0.819.pdb
MGYP003630825227_ptm0.777.pdb	MGYP003626607886_ptm0.777.pdb
MGYP003630825227_ptm0.777.pdb	MGYP003631299480_ptm0.845.pdb
MGYP003630825227_ptm0.777.pdb	MGYP003631917517_ptm0.840.pdb
MGYP003630825227_ptm0.777.pdb	MGYP003632366658_ptm0.794.pdb
MGYP003630825227_ptm0.777.pdb	MGYP003633037649_ptm0.843.pdb
MGYP003630825227_ptm0.777.pdb	MGYP003635721123_ptm0.843.pdb
MGYP003630825227_ptm0.777.pdb	MGYP003640120576_ptm0.848.pdb
MGYP003630825227_ptm0.777.pdb	MGYP003643758905_ptm0.920.pdb
MGYP003630825227_ptm0.777.pdb	MGYP003681970701_ptm0.806.pdb
MGYP003638374876_ptm0.493.pdb	MGYP003638374876_ptm0.493.pdb
MGYP003663342899_ptm0.629.pdb	MGYP003663342899_ptm0.629.pdb
MGYP003669909241_ptm0.946.pdb	MGYP003669909241_ptm0.946.pdb
MGYP003670114767_ptm0.881.pdb	MGYP003670114767_ptm0.881.pdb
MGYP003703364957_ptm0.597.pdb	MGYP003703364957_ptm0.597.pdb
MGYP003966949055_ptm0.795.pdb	MGYP003966949055_ptm0.795.pdb
MGYP003966949055_ptm0.795.pdb	MGYP000064826915_ptm0.834.pdb
MGYP003966949055_ptm0.795.pdb	MGYP000098784662.pdb
MGYP003966949055_ptm0.795.pdb	MGYP003145882433_ptm0.874.pdb
MGYP003966949055_ptm0.795.pdb	MGYP003204103103_ptm0.882.pdb
MGYP003966949055_ptm0.795.pdb	MGYP003237769608_ptm0.880.pdb
MGYP003966949055_ptm0.795.pdb	MGYP003571257895_ptm0.888.pdb
